Product_id,Date_refunded,Customer_id,Reason,Amount_refunded
4550,2025-01-17,81240,Wrong_item,3705
1481,2024-08-05,46508,Wrong_item,10263
1598,2025-07-01,95313,Not_as_described,1418
2157,2025-02-11,7443,Not_as_described,13644
4311,2024-05-02,24465,Damaged,1491
1524,2024-06-06,70562,Changed_mind,9263
3776,2024-12-23,44141,Wrong_item,18588
2378,2024-08-14,93428,Damaged,15353
4276,2024-07-25,28326,Changed_mind,10520
3643,2025-03-11,50992,Not_as_described,1829
1632,2025-05-27,77517,Not_as_described,3907
4103,2025-10-11,20990,Changed_mind,6081
3339,2025-07-19,6072,Not_as_described,15630
1102,2024-07-29,20845,Wrong_item,7828
2283,2025-07-21,41633,Changed_mind,2764
3310,2025-08-21,94132,Wrong_item,3793
2932,2024-08-28,13247,Not_as_described,13916
3516,2025-10-07,47002,Damaged,17891
1608,2025-09-23,56593,Not_as_described,18650
2944,2024-02-28,52330,Damaged,6619
3572,2025-06-21,80397,Wrong_item,10894
2254,2024-08-26,32399,Damaged,19087
1855,2025-11-05,70184,Damaged,14836
1459,2024-09-29,39431,Damaged,1625
2246,2025-02-04,98375,Changed_mind,12582
1531,2025-04-10,53794,Wrong_item,6281
3567,2024-08-01,84569,Damaged,8807
4197,2025-01-21,75163,Damaged,16797
1927,2024-01-14,38539,Changed_mind,15637
3748,2024-11-18,15794,Changed_mind,1604
3055,2025-01-26,17329,Changed_mind,10326
4218,2025-07-11,36673,Changed_mind,13535
1582,2024-08-30,72607,Damaged,15786
4334,2025-06-21,79139,Changed_mind,12292
1535,2024-12-29,53035,Not_as_described,11607
4312,2025-02-19,12973,Damaged,9999
1829,2024-12-01,23805,Damaged,18474
4584,2025-05-19,62222,Wrong_item,16570
3383,2025-06-18,7127,Damaged,14150
2357,2024-03-15,29296,Changed_mind,19604
4372,2024-01-28,98786,Changed_mind,5403
3366,2024-07-16,38374,Not_as_described,8300
2773,2025-05-25,6222,Not_as_described,1942
2077,2024-02-25,28307,Changed_mind,3458
1467,2024-04-04,11124,Damaged,6736
2100,2025-09-21,41023,Wrong_item,17223
3801,2025-04-26,92265,Wrong_item,7213
1161,2025-05-19,28449,Not_as_described,11787
1312,2024-05-14,35947,Changed_mind,11562
2841,2025-12-01,34961,Not_as_described,13743
3812,2025-09-12,26704,Damaged,19983
1089,2025-10-03,34979,Not_as_described,18959
3835,2025-08-03,73181,Not_as_described,4294
2203,2025-10-14,95720,Not_as_described,7936
2396,2024-04-26,30173,Changed_mind,6366
2665,2024-08-27,50999,Changed_mind,7978
1472,2025-09-28,69080,Wrong_item,12087
1690,2024-01-25,6734,Not_as_described,14379
4089,2025-05-12,28625,Damaged,4414
2390,2024-05-31,58635,Not_as_described,9137
2502,2024-04-22,32016,Not_as_described,6122
2732,2025-01-15,19778,Not_as_described,1877
1817,2024-02-20,8928,Wrong_item,19404
2221,2025-03-09,23861,Wrong_item,19123
2334,2025-09-20,13053,Damaged,4756
3392,2025-05-18,12532,Not_as_described,773
4093,2024-05-29,61676,Changed_mind,17208
2327,2025-08-09,19496,Damaged,12886
4236,2024-10-13,34842,Wrong_item,17746
1765,2025-05-19,49913,Not_as_described,4232
1528,2024-12-11,19301,Changed_mind,2527
2354,2025-01-19,30375,Not_as_described,7331
3862,2025-04-20,97091,Damaged,17862
3595,2024-06-22,55449,Wrong_item,15337
1210,2025-10-22,26679,Damaged,19517
2097,2025-08-24,34926,Not_as_described,9755
4467,2024-03-20,9514,Changed_mind,16460
1271,2024-06-04,98802,Changed_mind,10442
3995,2025-05-03,48782,Not_as_described,10856
2217,2024-03-15,88097,Not_as_described,10190
1796,2025-06-28,24919,Not_as_described,6790
3591,2025-01-04,22314,Wrong_item,13020
4069,2025-08-01,96521,Damaged,2378
2935,2024-03-01,87744,Not_as_described,9844
3054,2025-03-10,41099,Wrong_item,15161
4017,2024-12-20,89882,Wrong_item,17147
2763,2024-08-09,85492,Damaged,8657
3438,2025-05-24,72171,Damaged,7045
4389,2024-12-05,39272,Changed_mind,491
4462,2025-11-23,13669,Changed_mind,15535
1394,2024-08-17,41993,Not_as_described,12219
3846,2024-11-25,72421,Not_as_described,7621
4203,2024-01-23,52690,Damaged,8349
4063,2024-10-21,20205,Not_as_described,15028
1469,2025-10-20,63700,Damaged,13599
2880,2024-11-18,41418,Damaged,18904
1036,2025-05-01,35504,Changed_mind,17990
4531,2024-05-27,72476,Damaged,18713
2098,2024-01-14,88719,Changed_mind,18655
2993,2024-06-18,81844,Changed_mind,4803
3813,2024-07-01,62907,Not_as_described,2135
1710,2024-01-05,63738,Changed_mind,1374
3581,2024-07-02,75478,Not_as_described,14683
2353,2025-02-11,68661,Damaged,12981
4033,2025-11-10,73112,Changed_mind,7863
1501,2025-08-18,49919,Damaged,12696
4354,2024-09-18,32976,Not_as_described,3557
3805,2025-09-03,13676,Wrong_item,16748
2076,2025-05-15,67584,Wrong_item,18351
4197,2024-10-23,47391,Not_as_described,7355
2793,2025-10-30,9935,Damaged,12910
3299,2025-08-28,94997,Damaged,11203
3893,2024-05-09,67875,Changed_mind,3835
1196,2024-06-27,90648,Wrong_item,18952
4258,2025-05-21,53361,Damaged,16531
1306,2025-09-02,41242,Not_as_described,18977
2479,2025-08-27,50437,Not_as_described,16934
3167,2025-09-18,83070,Damaged,9755
2996,2024-10-22,73426,Damaged,6333
4226,2024-06-09,8761,Damaged,11050
2868,2025-08-15,56880,Damaged,13314
1061,2024-03-08,94700,Not_as_described,17599
1175,2025-03-01,59792,Damaged,3874
2920,2024-06-08,33468,Damaged,1889
1782,2025-12-01,20766,Wrong_item,13875
3550,2025-01-01,17436,Damaged,11571
4560,2025-11-30,90626,Changed_mind,6539
2928,2024-12-20,55324,Damaged,8299
3410,2024-03-09,27274,Not_as_described,15818
3579,2025-04-10,7276,Wrong_item,11200
2388,2024-06-05,18865,Damaged,6565
1820,2024-03-25,34229,Wrong_item,17861
1662,2024-09-24,76324,Changed_mind,16056
3596,2025-07-16,88938,Wrong_item,13902
4550,2025-10-31,14745,Damaged,4172
2193,2024-10-26,77549,Changed_mind,6594
2183,2024-11-17,89965,Damaged,1864
3758,2025-11-25,76049,Wrong_item,14038
1430,2024-09-02,66782,Not_as_described,6912
2976,2025-07-02,44688,Damaged,18395
1676,2025-01-31,98268,Not_as_described,6746
3354,2025-10-28,26601,Not_as_described,6437
3555,2025-06-24,43381,Damaged,14701
4395,2024-06-14,28164,Not_as_described,7817
1583,2024-03-03,16320,Changed_mind,4066
1741,2025-10-11,64417,Changed_mind,11735
1710,2025-09-16,99454,Not_as_described,15406
1373,2024-08-24,49080,Not_as_described,7237
1311,2025-01-16,36138,Changed_mind,17188
1880,2024-04-04,34404,Wrong_item,7434
3390,2025-11-25,74462,Wrong_item,18999
3089,2024-06-05,17175,Wrong_item,15937
2169,2024-08-08,71064,Wrong_item,13343
2243,2024-09-11,97848,Changed_mind,15090
2051,2025-03-29,28586,Wrong_item,16484
3752,2024-04-01,75403,Not_as_described,10407
3739,2025-02-21,56983,Not_as_described,2114
1112,2025-08-10,84589,Wrong_item,12648
3450,2025-05-06,13235,Changed_mind,19608
3789,2025-08-24,7826,Wrong_item,12886
4125,2024-07-03,45819,Damaged,19485
1483,2025-02-04,51509,Wrong_item,16728
2319,2025-04-13,35373,Damaged,2004
4036,2024-06-09,66520,Not_as_described,14450
3501,2024-01-15,23588,Wrong_item,4687
2209,2024-05-04,58672,Wrong_item,9666
2021,2024-04-07,8114,Damaged,13035
1052,2024-11-17,25713,Wrong_item,2181
3016,2024-05-19,57994,Wrong_item,18723
2123,2025-09-29,50208,Not_as_described,19372
4063,2024-06-11,49651,Changed_mind,13250
4416,2024-05-14,46538,Not_as_described,13075
4543,2024-08-05,15788,Not_as_described,12066
3662,2024-03-04,7515,Not_as_described,2650
3674,2025-10-08,90340,Wrong_item,18883
1360,2024-10-18,86031,Damaged,15202
2410,2025-05-13,59561,Damaged,1525
1532,2025-03-06,57745,Damaged,8391
2910,2024-06-25,47072,Not_as_described,9907
3908,2024-11-30,58707,Damaged,1987
2881,2025-03-21,20249,Changed_mind,12159
4430,2025-09-21,48114,Not_as_described,9520
2944,2024-04-03,32634,Wrong_item,15672
3537,2024-05-08,48821,Changed_mind,17951
2387,2025-08-11,52934,Wrong_item,6881
4579,2024-06-23,14858,Wrong_item,10572
1068,2025-03-03,31340,Wrong_item,14366
2167,2024-10-04,78106,Wrong_item,12825
1368,2024-02-26,86452,Changed_mind,13586
4115,2024-03-18,93152,Not_as_described,4277
1076,2024-06-01,77490,Damaged,18478
2201,2024-04-23,40928,Not_as_described,10159
2229,2024-04-07,54974,Damaged,2845
2500,2024-08-02,87913,Damaged,19206
3918,2024-03-30,11722,Changed_mind,14279
2077,2025-11-23,50148,Changed_mind,10761
1585,2024-10-31,98155,Changed_mind,10019
1923,2024-05-02,62048,Damaged,15339
3328,2024-01-14,7366,Changed_mind,2054
3967,2024-11-30,10525,Not_as_described,4974
3295,2024-01-06,77939,Wrong_item,18415
4090,2024-11-22,10199,Wrong_item,19270
4090,2025-11-15,6256,Changed_mind,18994
4109,2024-06-11,17900,Damaged,14675
2670,2025-01-04,36433,Changed_mind,2585
4566,2024-02-23,52895,Changed_mind,10625
3207,2025-08-20,54157,Changed_mind,17728
2120,2025-11-18,19375,Changed_mind,8557
3223,2025-03-11,70358,Wrong_item,6352
2461,2024-08-16,73976,Not_as_described,19051
2451,2025-03-11,38102,Not_as_described,9102
1871,2025-03-23,93946,Wrong_item,5899
1821,2024-09-10,28809,Not_as_described,15252
2260,2024-01-30,15086,Wrong_item,10904
2168,2024-10-17,87232,Changed_mind,13603
1762,2024-08-10,65544,Wrong_item,8508
3187,2025-07-18,18392,Changed_mind,994
4234,2024-01-22,40347,Damaged,10948
1283,2024-02-21,89204,Not_as_described,11803
3953,2024-01-21,36339,Changed_mind,14348
3154,2025-05-27,36497,Damaged,19649
2036,2024-11-23,70096,Damaged,15638
3608,2025-09-24,65743,Damaged,14234
1977,2024-02-14,5930,Wrong_item,11421
3176,2025-04-09,28177,Wrong_item,18327
1267,2025-05-31,99340,Changed_mind,3307
3583,2024-02-23,15218,Changed_mind,9007
3701,2024-06-25,81458,Damaged,7123
2440,2024-05-07,33370,Changed_mind,7663
2291,2025-09-21,15092,Not_as_described,15082
2163,2025-11-12,80526,Changed_mind,7488
3859,2025-01-03,44110,Not_as_described,1193
2271,2024-11-03,89266,Damaged,12218
3099,2024-03-16,83342,Not_as_described,9656
4056,2024-04-11,59839,Not_as_described,17271
3356,2025-03-22,96642,Not_as_described,17161
4451,2025-03-09,49844,Wrong_item,7046
3782,2024-12-20,31550,Damaged,17017
2456,2024-04-16,92793,Wrong_item,4679
1702,2025-06-02,13206,Wrong_item,5532
1943,2025-06-15,98992,Not_as_described,7168
2741,2025-10-20,44308,Changed_mind,9368
2573,2024-03-07,90727,Changed_mind,5583
3530,2024-02-05,9413,Not_as_described,14245
1994,2024-12-19,89716,Damaged,3008
1705,2025-03-10,65023,Not_as_described,14862
2622,2024-09-21,73832,Damaged,3726
1731,2024-10-05,11384,Changed_mind,13285
2464,2024-08-13,70349,Damaged,18791
1336,2024-04-22,89791,Wrong_item,18146
3378,2025-08-29,84015,Wrong_item,3717
3565,2025-09-12,91293,Damaged,4736
1188,2024-07-05,78304,Not_as_described,10699
2526,2025-03-27,41686,Damaged,15150
1411,2024-11-05,78396,Damaged,18750
2626,2025-03-17,51063,Damaged,4941
2010,2025-10-25,94570,Not_as_described,15123
1051,2024-01-21,9186,Damaged,17149
1683,2024-05-13,40456,Not_as_described,19980
2719,2024-12-17,90308,Changed_mind,10814
4405,2024-08-16,69812,Damaged,5894
3387,2024-04-16,33204,Changed_mind,7197
4249,2025-03-03,40897,Wrong_item,3029
1450,2024-09-21,86811,Changed_mind,10446
1287,2024-03-19,15142,Wrong_item,15434
4374,2024-11-13,9386,Changed_mind,9307
1216,2025-11-16,32310,Not_as_described,3230
4436,2025-03-23,30806,Not_as_described,11240
2613,2024-07-11,69151,Changed_mind,9202
3037,2025-07-01,95029,Damaged,18182
2467,2024-01-23,26917,Damaged,11691
2975,2025-08-23,50649,Not_as_described,3703
1250,2024-05-29,75559,Not_as_described,16870
2599,2025-10-02,95686,Changed_mind,2036
1005,2025-03-26,48289,Changed_mind,12970
2762,2024-07-06,48967,Wrong_item,14617
3204,2024-07-15,45425,Changed_mind,11263
3246,2025-07-21,20399,Wrong_item,18861
1833,2024-11-04,25258,Changed_mind,11811
1926,2024-06-19,73870,Changed_mind,18068
3588,2025-08-11,76573,Not_as_described,17449
1651,2024-05-21,76394,Damaged,15484
2166,2025-04-12,28782,Not_as_described,2430
1855,2024-11-15,17585,Wrong_item,19186
1287,2024-04-30,73033,Changed_mind,11356
4517,2025-11-23,46873,Changed_mind,7093
2059,2025-10-24,88006,Wrong_item,15892
1140,2025-01-28,85042,Not_as_described,2810
2690,2025-07-09,56900,Damaged,1084
1317,2024-05-03,6647,Changed_mind,15259
3895,2024-04-14,79322,Not_as_described,1542
4134,2024-06-19,16333,Wrong_item,1817
4122,2025-09-28,67911,Not_as_described,8026
4556,2024-01-15,35309,Not_as_described,15820
3487,2024-06-19,70160,Not_as_described,3845
1762,2024-08-02,9021,Not_as_described,2561
4180,2024-12-01,56222,Wrong_item,18731
4269,2025-01-07,29487,Not_as_described,16276
1209,2025-11-24,33673,Damaged,5501
2584,2024-08-03,96901,Not_as_described,5812
4259,2024-03-27,51277,Changed_mind,11126
3643,2025-04-21,83552,Not_as_described,18744
3618,2024-09-14,67983,Damaged,9042
4308,2025-10-17,85695,Damaged,19573
2858,2025-06-13,24528,Wrong_item,216
1658,2024-10-29,96552,Changed_mind,3323
1467,2024-04-26,78072,Not_as_described,6990
2389,2024-10-04,5643,Changed_mind,19461
3883,2025-07-11,34172,Wrong_item,4613
3580,2024-07-20,24538,Not_as_described,12231
4424,2025-08-09,82365,Changed_mind,19620
2342,2025-10-17,91093,Not_as_described,5303
4004,2024-12-28,58357,Not_as_described,2377
3703,2025-08-31,34995,Damaged,2877
1544,2024-05-16,60380,Changed_mind,17971
3352,2025-08-21,61420,Damaged,13142
2238,2025-01-12,80988,Not_as_described,1186
4440,2024-02-23,15286,Changed_mind,14147
3361,2024-10-20,79905,Changed_mind,7011
1894,2024-12-15,90849,Changed_mind,10633
3805,2025-07-07,76983,Changed_mind,11842
1250,2024-05-20,71433,Changed_mind,15093
1383,2024-08-28,94146,Wrong_item,4112
4254,2024-09-01,69926,Not_as_described,13401
2123,2024-05-28,81572,Wrong_item,11743
2639,2024-12-10,79882,Damaged,10425
4322,2025-03-28,92846,Damaged,15918
4365,2024-01-18,88566,Wrong_item,8526
3612,2024-06-19,65423,Wrong_item,14254
1674,2024-07-13,60030,Not_as_described,18346
1801,2024-11-28,11801,Wrong_item,3757
4502,2025-02-02,69546,Wrong_item,1638
2963,2025-07-05,76283,Damaged,5350
3290,2024-08-25,88426,Not_as_described,13666
2927,2025-08-14,95508,Wrong_item,3722
3848,2024-06-01,40878,Wrong_item,19062
4075,2025-10-10,81304,Not_as_described,532
2410,2024-07-05,54457,Not_as_described,12279
4611,2024-11-17,14015,Not_as_described,19114
2245,2024-09-15,70468,Wrong_item,6758
2862,2025-09-30,16729,Wrong_item,4997
3500,2024-10-05,44744,Not_as_described,7314
1757,2025-11-11,82497,Damaged,6140
4239,2025-04-03,59617,Not_as_described,13764
2315,2024-05-15,31452,Not_as_described,8052
2382,2024-10-10,6603,Not_as_described,10817
1554,2024-11-20,21176,Changed_mind,19570
1522,2025-02-07,32106,Wrong_item,3524
2616,2024-11-25,97600,Changed_mind,319
2110,2024-03-28,34898,Wrong_item,7745
4371,2024-07-13,88433,Changed_mind,17620
2866,2024-07-19,66482,Damaged,2307
3499,2024-10-03,48330,Damaged,13872
1863,2024-05-15,15525,Wrong_item,599
4286,2024-05-03,59444,Damaged,11528
4442,2025-11-06,58944,Changed_mind,18438
2676,2025-07-16,19596,Damaged,14153
3901,2025-09-20,68352,Not_as_described,13249
3636,2024-12-25,70597,Changed_mind,16926
2319,2025-01-05,12861,Not_as_described,19277
4182,2025-02-23,38236,Damaged,5850
1588,2025-05-23,69988,Not_as_described,10926
1198,2025-01-30,82030,Wrong_item,6533
1332,2025-11-11,44538,Changed_mind,9863
2004,2024-06-15,37492,Wrong_item,13865
4515,2024-11-23,48633,Wrong_item,17143
2508,2025-08-12,13598,Damaged,11608
4463,2025-08-28,63875,Not_as_described,3597
1977,2024-11-02,74630,Changed_mind,3111
4452,2025-02-04,60419,Not_as_described,5557
3378,2025-07-04,79367,Not_as_described,6414
2953,2024-04-09,20921,Wrong_item,861
2298,2024-09-02,28291,Changed_mind,2649
1597,2024-04-27,27048,Not_as_described,8685
2607,2024-12-02,26886,Not_as_described,8592
4148,2025-09-25,95243,Wrong_item,7719
3209,2024-09-16,80148,Wrong_item,8746
4551,2024-05-08,15673,Changed_mind,9448
2522,2025-02-24,14033,Damaged,19350
1281,2024-08-22,75207,Wrong_item,16666
2304,2024-09-28,55392,Not_as_described,4719
1468,2024-10-17,15093,Not_as_described,3088
4517,2024-12-02,15909,Changed_mind,4855
1816,2024-08-19,62167,Not_as_described,9396
3028,2025-01-13,70223,Not_as_described,951
2263,2025-04-07,66660,Not_as_described,12771
1425,2025-04-21,51674,Changed_mind,3550
3244,2025-02-15,68854,Wrong_item,3687
1361,2024-05-29,92826,Damaged,16648
3063,2024-06-26,84777,Wrong_item,18709
4138,2025-09-18,81021,Damaged,15126
3289,2025-09-04,84905,Not_as_described,9596
3132,2025-02-04,44427,Damaged,766
3192,2025-12-01,50660,Damaged,1744
1832,2024-12-21,17425,Changed_mind,3591
2976,2024-12-29,97194,Not_as_described,8976
2301,2024-09-01,74317,Wrong_item,15280
1536,2024-10-20,36445,Changed_mind,13932
4203,2025-02-08,31621,Wrong_item,1085
1716,2025-02-14,88785,Not_as_described,10444
3447,2024-12-16,7526,Damaged,1187
2844,2024-01-17,65499,Not_as_described,18700
3101,2025-03-05,74862,Not_as_described,1805
1958,2025-03-25,64336,Changed_mind,6283
3235,2024-06-20,56040,Wrong_item,16323
2264,2025-01-05,72159,Wrong_item,6265
3731,2025-02-06,39319,Wrong_item,19695
3973,2025-10-27,27493,Changed_mind,13162
4033,2025-04-11,52570,Wrong_item,9359
2340,2025-03-16,8907,Not_as_described,8656
3600,2025-03-12,69575,Not_as_described,14434
2689,2024-02-16,13251,Damaged,12582
3722,2024-03-05,20805,Not_as_described,4306
4148,2025-08-07,81666,Wrong_item,14185
4579,2025-03-21,70903,Damaged,15635
2033,2024-07-16,47314,Not_as_described,5889
3483,2025-03-02,65980,Wrong_item,13266
1509,2024-05-14,64400,Not_as_described,12388
4364,2025-01-06,40069,Changed_mind,2463
1490,2024-01-28,29996,Wrong_item,9451
2115,2024-02-11,44978,Changed_mind,1665
2899,2025-02-04,9515,Damaged,11702
2226,2025-08-23,89811,Damaged,13780
1447,2025-05-09,54354,Not_as_described,5117
4203,2024-12-09,40471,Damaged,2363
1549,2025-01-31,10315,Not_as_described,12884
3151,2024-03-16,95455,Damaged,9489
3986,2024-01-28,63821,Wrong_item,14150
4014,2025-05-02,39202,Not_as_described,16626
1955,2025-05-20,69718,Changed_mind,2834
3522,2025-03-05,54082,Changed_mind,2234
1144,2025-06-18,72375,Changed_mind,19717
3169,2024-08-09,88608,Damaged,12827
4124,2024-12-12,14749,Damaged,2778
2588,2025-10-06,52857,Not_as_described,12584
3809,2024-02-15,23011,Not_as_described,2341
2337,2025-05-25,10406,Damaged,13870
2264,2024-11-16,55379,Wrong_item,702
2162,2024-07-08,90641,Wrong_item,15517
1748,2025-07-20,99724,Not_as_described,19758
2375,2024-05-25,10532,Damaged,2209
2180,2024-06-17,44259,Wrong_item,5515
1545,2024-07-12,72744,Damaged,10954
1303,2024-07-31,35912,Not_as_described,13970
2410,2024-03-11,71874,Damaged,10321
4527,2025-09-09,87175,Changed_mind,13864
2605,2025-07-10,84343,Wrong_item,13110
2638,2025-04-17,88812,Wrong_item,14916
2112,2025-04-25,5491,Damaged,18351
1185,2025-07-29,52537,Not_as_described,6325
2770,2024-11-03,86091,Wrong_item,17343
4297,2024-01-14,71248,Not_as_described,3681
2296,2025-05-25,72659,Not_as_described,16781
2560,2024-01-05,56649,Changed_mind,14964
1753,2025-01-21,81928,Not_as_described,17370
1082,2025-09-06,81290,Changed_mind,5617
2646,2024-02-10,12175,Not_as_described,13847
2087,2025-08-07,71883,Not_as_described,5633
2342,2025-09-25,70546,Changed_mind,3513
3809,2025-08-30,94095,Wrong_item,2727
1553,2024-01-20,58823,Wrong_item,14779
2069,2024-09-05,59188,Not_as_described,10007
3709,2024-01-07,30185,Wrong_item,18938
3056,2024-07-23,50066,Damaged,10511
3778,2024-11-28,84028,Wrong_item,13004
3982,2025-10-02,14136,Wrong_item,17207
2459,2025-05-27,44431,Wrong_item,7192
4070,2024-10-09,78694,Not_as_described,15108
4593,2025-01-07,87058,Wrong_item,13208
2776,2024-05-10,41956,Wrong_item,17431
2127,2024-05-21,98605,Changed_mind,19039
3558,2025-11-19,25953,Wrong_item,13924
1015,2025-07-11,71081,Not_as_described,515
1398,2024-11-19,58172,Changed_mind,2742
3059,2024-07-20,38001,Changed_mind,14735
1194,2025-04-20,65509,Wrong_item,18651
2369,2024-05-31,83588,Wrong_item,9207
2734,2025-05-31,75044,Changed_mind,9194
3522,2025-11-17,89438,Changed_mind,13021
1811,2025-09-23,70445,Wrong_item,2768
2254,2024-03-26,48815,Damaged,16172
2812,2024-11-27,71922,Damaged,8714
4258,2024-02-15,98986,Not_as_described,7506
3128,2025-08-23,85339,Not_as_described,7794
3363,2025-01-09,9496,Not_as_described,3531
3406,2024-10-14,70523,Damaged,15717
2469,2024-07-21,11910,Damaged,134
4138,2024-08-02,79612,Damaged,13902
3166,2025-11-15,87434,Changed_mind,2789
2006,2025-10-21,76108,Not_as_described,8029
3647,2024-02-15,83493,Changed_mind,2627
3310,2025-02-16,91735,Damaged,13506
4595,2024-12-21,78342,Wrong_item,19065
4164,2024-07-17,79112,Changed_mind,19571
3689,2025-09-28,74597,Changed_mind,5426
1510,2024-04-15,21442,Damaged,447
4582,2025-07-12,22051,Not_as_described,7475
2410,2024-07-06,52924,Changed_mind,4840
1838,2024-12-24,90332,Not_as_described,12466
2808,2024-02-18,93721,Damaged,3719
2617,2024-12-09,33969,Changed_mind,361
1252,2025-09-11,74341,Not_as_described,5647
3377,2025-10-02,39862,Wrong_item,4055
3688,2024-12-31,84265,Damaged,2661
1852,2024-10-11,9244,Damaged,8316
4032,2025-06-23,18790,Changed_mind,5560
1727,2025-03-31,18900,Not_as_described,18617
4484,2025-10-20,43305,Wrong_item,16495
2250,2025-02-06,7063,Damaged,14277
3222,2024-07-25,18614,Wrong_item,17674
3548,2024-01-05,7415,Wrong_item,18690
2389,2025-01-07,91929,Not_as_described,4100
1992,2025-03-05,59660,Not_as_described,19551
4318,2025-05-31,92566,Damaged,16026
1653,2025-10-10,45438,Not_as_described,5781
1298,2025-03-17,68661,Not_as_described,19646
3820,2025-02-02,67623,Not_as_described,17763
4250,2025-04-14,54903,Not_as_described,3239
2623,2024-10-24,58703,Changed_mind,19116
2290,2025-11-02,59805,Changed_mind,19385
2786,2024-08-04,75394,Wrong_item,10679
2764,2024-12-10,99599,Wrong_item,17355
1761,2025-02-18,76968,Wrong_item,144
1527,2024-10-04,55103,Damaged,7029
1821,2025-05-05,66050,Wrong_item,13000
1990,2025-02-11,79878,Wrong_item,4884
3195,2024-09-21,33304,Damaged,1334
1753,2024-05-05,62301,Wrong_item,1051
4044,2025-01-11,63822,Damaged,1697
2730,2024-08-10,95907,Not_as_described,11622
3621,2025-08-29,16890,Changed_mind,6747
2845,2025-06-15,78388,Wrong_item,10006
2027,2024-06-28,32719,Damaged,16107
3323,2025-03-21,56933,Damaged,9895
4547,2025-03-04,36840,Changed_mind,17859
2749,2025-10-15,8628,Changed_mind,9816
4549,2025-08-23,39704,Not_as_described,9766
3306,2024-03-15,23383,Changed_mind,16686
2786,2025-01-14,59650,Damaged,12044
1856,2025-03-18,75221,Not_as_described,8008
3373,2024-08-21,15180,Wrong_item,13115
2646,2025-01-29,70116,Not_as_described,4080
3925,2025-02-11,90265,Changed_mind,18852
4210,2025-06-14,17297,Damaged,1177
4553,2025-03-20,92570,Not_as_described,17711
3813,2025-08-24,61449,Not_as_described,17775
4154,2024-11-27,7177,Damaged,13289
1775,2024-01-31,30566,Wrong_item,15662
1640,2024-03-30,91184,Wrong_item,7001
3474,2024-07-02,56631,Not_as_described,14220
2231,2025-06-25,22655,Wrong_item,19074
4395,2024-01-06,57417,Not_as_described,17354
2900,2025-11-29,78453,Changed_mind,6819
1382,2024-07-16,16674,Not_as_described,3134
2880,2024-04-28,81650,Wrong_item,16957
3669,2025-05-26,97901,Wrong_item,13024
4163,2024-06-04,33353,Not_as_described,9428
3329,2025-05-28,67421,Wrong_item,6504
3994,2025-02-25,64566,Damaged,5267
3507,2025-04-19,76173,Damaged,13536
4333,2024-12-13,66324,Not_as_described,13643
1799,2025-11-03,16281,Damaged,17104
2503,2025-01-26,37357,Damaged,2204
2227,2025-05-18,47959,Changed_mind,2019
3424,2025-05-11,98383,Changed_mind,9965
2792,2025-06-07,67625,Not_as_described,6964
4478,2024-11-19,95225,Damaged,8272
3306,2024-01-15,10773,Not_as_described,2690
4538,2025-06-17,61192,Not_as_described,12176
2503,2024-08-29,54005,Not_as_described,1563
3739,2024-08-26,9764,Not_as_described,12988
4443,2025-01-26,68779,Not_as_described,5495
1298,2024-03-22,91623,Not_as_described,8107
3915,2025-07-10,38048,Changed_mind,3764
2991,2024-08-01,15160,Damaged,13363
2676,2024-10-19,21689,Changed_mind,1464
4578,2025-12-01,38872,Damaged,582
1434,2024-09-19,60943,Wrong_item,6624
2987,2024-07-18,56743,Changed_mind,10351
3718,2025-04-18,41720,Not_as_described,9135
1830,2025-03-08,36227,Changed_mind,4553
3593,2024-08-31,5977,Wrong_item,16701
1182,2024-10-04,50915,Changed_mind,11970
4218,2024-04-27,51780,Wrong_item,7988
1461,2024-05-20,64833,Not_as_described,12398
2239,2024-06-24,12678,Damaged,14739
4469,2025-04-13,96238,Wrong_item,1124
2749,2024-06-12,52125,Not_as_described,7204
2441,2025-09-05,7304,Damaged,3277
3441,2025-04-27,81288,Changed_mind,14867
1948,2025-06-23,81568,Changed_mind,3387
2472,2025-03-13,59549,Wrong_item,15878
2678,2025-08-23,8625,Not_as_described,5242
4445,2025-06-07,43655,Damaged,10301
4498,2024-06-10,28655,Not_as_described,9810
4089,2024-10-06,23994,Damaged,14158
2083,2025-03-05,25070,Not_as_described,16241
3149,2024-03-28,52610,Not_as_described,14986
3875,2024-05-13,61505,Not_as_described,14392
1393,2025-08-10,40246,Not_as_described,5309
1233,2025-07-13,92523,Wrong_item,14088
2591,2024-02-16,97429,Not_as_described,14351
2655,2025-05-21,47675,Not_as_described,17298
2832,2024-09-06,44080,Changed_mind,260
1797,2025-06-20,40429,Not_as_described,8868
3755,2025-03-14,13504,Damaged,19662
3766,2025-11-07,94847,Damaged,18816
4091,2025-01-17,29092,Wrong_item,15673
3385,2025-10-11,39419,Not_as_described,7010
2283,2025-03-22,56122,Changed_mind,14996
2096,2025-07-05,98988,Damaged,996
4371,2025-03-21,17417,Wrong_item,3446
3149,2025-11-28,48980,Damaged,12229
1646,2025-03-02,53613,Changed_mind,1093
1540,2024-04-08,87969,Damaged,16593
2655,2024-03-27,55202,Changed_mind,661
2306,2024-07-10,37001,Changed_mind,18227
4461,2024-03-27,70492,Changed_mind,14885
1182,2025-07-22,23104,Wrong_item,18343
2504,2025-06-04,42350,Not_as_described,19554
1947,2024-10-27,11049,Damaged,14436
4087,2025-08-06,60872,Changed_mind,11956
2782,2025-02-15,50926,Not_as_described,15498
1129,2024-11-05,20108,Not_as_described,8127
1729,2024-11-17,61768,Changed_mind,7286
1138,2024-04-02,94006,Changed_mind,12166
3936,2025-08-06,75958,Not_as_described,5312
1559,2025-07-17,53944,Changed_mind,10795
4167,2024-01-23,15156,Not_as_described,9837
2493,2025-11-23,55438,Changed_mind,17255
4266,2024-09-16,62394,Not_as_described,3386
2645,2025-06-10,8000,Wrong_item,8185
2233,2025-03-18,35482,Wrong_item,11322
